{"cameraMode":{"drawMode":0,"name":"Shaded","section":"Shading Mode"},"sceneLighting":false,"audioPlay":false,"sceneViewState":{"showFog":true,"showMaterialUpdate":false,"showSkybox":true,"showFlares":true,"showImageEffects":true,"showParticleSystems":true},"in2DMode":false,"pivot":{"x":-0.9658952355384827,"y":0.9724055528640747,"z":0.9905166625976563},"rotation":{"x":-0.08850474655628205,"y":-0.06509833037853241,"z":0.005796733777970076,"w":-0.993929386138916},"size":1.594423532485962,"orthographic":false}